
-- Seed teachers
INSERT INTO public.teachers (id, first_name, last_name, email, phone, department, subjects, status, join_date, qualification) VALUES
('a1000000-0000-0000-0000-000000000001', 'Emily', 'Parker', 'emily.parker@schoolers.com', '+1 555-0101', 'Languages', ARRAY['English', 'Literature'], 'Active', '2022-08-15', 'M.A. English'),
('a1000000-0000-0000-0000-000000000002', 'David', 'Lee', 'david.lee@schoolers.com', '+1 555-0102', 'Mathematics', ARRAY['Algebra', 'Calculus'], 'Active', '2021-06-01', 'M.Sc. Mathematics'),
('a1000000-0000-0000-0000-000000000003', 'Robert', 'Smith', 'robert.smith@schoolers.com', '+1 555-0103', 'Science', ARRAY['Physics', 'Chemistry'], 'Active', '2020-01-10', 'Ph.D. Physics'),
('a1000000-0000-0000-0000-000000000004', 'Lisa', 'Wang', 'lisa.wang@schoolers.com', '+1 555-0104', 'Science', ARRAY['Biology', 'Environmental Science'], 'Active', '2023-01-15', 'M.Sc. Biology'),
('a1000000-0000-0000-0000-000000000005', 'James', 'Taylor', 'james.taylor@schoolers.com', '+1 555-0105', 'Social Studies', ARRAY['History', 'Geography'], 'On Leave', '2019-07-20', 'M.A. History'),
('a1000000-0000-0000-0000-000000000006', 'Ana', 'Rodriguez', 'ana.rodriguez@schoolers.com', '+1 555-0106', 'Arts', ARRAY['Art', 'Music'], 'Active', '2022-03-01', 'B.F.A.');

-- Seed classes
INSERT INTO public.classes (id, name, teacher_id, room, schedule, grade_level, num_subjects) VALUES
('b1000000-0000-0000-0000-000000000001', 'Grade 9-A', 'a1000000-0000-0000-0000-000000000001', '101', 'Mon-Fri 8:00-2:30', 9, 6),
('b1000000-0000-0000-0000-000000000002', 'Grade 9-B', 'a1000000-0000-0000-0000-000000000002', '102', 'Mon-Fri 8:00-2:30', 9, 6),
('b1000000-0000-0000-0000-000000000003', 'Grade 10-A', 'a1000000-0000-0000-0000-000000000003', '201', 'Mon-Fri 8:00-3:00', 10, 7),
('b1000000-0000-0000-0000-000000000004', 'Grade 10-B', 'a1000000-0000-0000-0000-000000000004', '202', 'Mon-Fri 8:00-3:00', 10, 7),
('b1000000-0000-0000-0000-000000000005', 'Grade 11-A', 'a1000000-0000-0000-0000-000000000005', '301', 'Mon-Fri 8:00-3:00', 11, 7),
('b1000000-0000-0000-0000-000000000006', 'Grade 11-B', 'a1000000-0000-0000-0000-000000000006', '302', 'Mon-Fri 8:00-3:00', 11, 7);

-- Seed students
INSERT INTO public.students (id, first_name, last_name, email, phone, class_id, status, enrollment_date, parent_name, parent_phone) VALUES
('c1000000-0000-0000-0000-000000000001', 'Alex', 'Johnson', 'alex.j@schoolers.com', '+1 555-1001', 'b1000000-0000-0000-0000-000000000003', 'Active', '2024-09-01', 'Michael Johnson', '+1 555-2001'),
('c1000000-0000-0000-0000-000000000002', 'Maria', 'Garcia', 'maria.g@schoolers.com', '+1 555-1002', 'b1000000-0000-0000-0000-000000000002', 'Active', '2024-09-01', 'Carlos Garcia', '+1 555-2002'),
('c1000000-0000-0000-0000-000000000003', 'Chen', 'Wei', 'chen.w@schoolers.com', '+1 555-1003', 'b1000000-0000-0000-0000-000000000005', 'Active', '2024-09-01', 'Li Wei', '+1 555-2003'),
('c1000000-0000-0000-0000-000000000004', 'Sarah', 'Kim', 'sarah.k@schoolers.com', '+1 555-1004', 'b1000000-0000-0000-0000-000000000004', 'Active', '2024-09-01', 'David Kim', '+1 555-2004'),
('c1000000-0000-0000-0000-000000000005', 'James', 'Brown', 'james.b@schoolers.com', '+1 555-1005', 'b1000000-0000-0000-0000-000000000001', 'Active', '2024-09-01', 'Robert Brown', '+1 555-2005'),
('c1000000-0000-0000-0000-000000000006', 'Priya', 'Patel', 'priya.p@schoolers.com', '+1 555-1006', 'b1000000-0000-0000-0000-000000000001', 'Active', '2024-09-01', 'Raj Patel', '+1 555-2006'),
('c1000000-0000-0000-0000-000000000007', 'Liam', 'OBrien', 'liam.o@schoolers.com', '+1 555-1007', 'b1000000-0000-0000-0000-000000000006', 'Active', '2024-09-01', 'Sean OBrien', '+1 555-2007'),
('c1000000-0000-0000-0000-000000000008', 'Aisha', 'Mohammed', 'aisha.m@schoolers.com', '+1 555-1008', 'b1000000-0000-0000-0000-000000000003', 'Inactive', '2024-09-01', 'Omar Mohammed', '+1 555-2008'),
('c1000000-0000-0000-0000-000000000009', 'Tom', 'Wilson', 'tom.w@schoolers.com', '+1 555-1009', 'b1000000-0000-0000-0000-000000000002', 'Active', '2024-09-01', 'Mark Wilson', '+1 555-2009'),
('c1000000-0000-0000-0000-000000000010', 'Emma', 'Davis', 'emma.d@schoolers.com', '+1 555-1010', 'b1000000-0000-0000-0000-000000000005', 'Active', '2025-01-15', 'John Davis', '+1 555-2010');

-- Seed attendance
INSERT INTO public.attendance (student_id, class_id, date, status) VALUES
('c1000000-0000-0000-0000-000000000001', 'b1000000-0000-0000-0000-000000000003', CURRENT_DATE, 'Present'),
('c1000000-0000-0000-0000-000000000002', 'b1000000-0000-0000-0000-000000000002', CURRENT_DATE, 'Present'),
('c1000000-0000-0000-0000-000000000003', 'b1000000-0000-0000-0000-000000000005', CURRENT_DATE, 'Absent'),
('c1000000-0000-0000-0000-000000000004', 'b1000000-0000-0000-0000-000000000004', CURRENT_DATE, 'Present'),
('c1000000-0000-0000-0000-000000000005', 'b1000000-0000-0000-0000-000000000001', CURRENT_DATE, 'Late'),
('c1000000-0000-0000-0000-000000000006', 'b1000000-0000-0000-0000-000000000001', CURRENT_DATE, 'Present'),
('c1000000-0000-0000-0000-000000000007', 'b1000000-0000-0000-0000-000000000006', CURRENT_DATE, 'Present'),
('c1000000-0000-0000-0000-000000000008', 'b1000000-0000-0000-0000-000000000003', CURRENT_DATE, 'Absent'),
('c1000000-0000-0000-0000-000000000009', 'b1000000-0000-0000-0000-000000000002', CURRENT_DATE, 'Present'),
('c1000000-0000-0000-0000-000000000010', 'b1000000-0000-0000-0000-000000000005', CURRENT_DATE, 'Present');

-- Seed grades
INSERT INTO public.grades (student_id, class_id, subject, score, max_score, term) VALUES
('c1000000-0000-0000-0000-000000000001', 'b1000000-0000-0000-0000-000000000003', 'Mathematics', 92, 100, 'Term 1'),
('c1000000-0000-0000-0000-000000000001', 'b1000000-0000-0000-0000-000000000003', 'English', 88, 100, 'Term 1'),
('c1000000-0000-0000-0000-000000000001', 'b1000000-0000-0000-0000-000000000003', 'Science', 95, 100, 'Term 1'),
('c1000000-0000-0000-0000-000000000002', 'b1000000-0000-0000-0000-000000000002', 'Mathematics', 78, 100, 'Term 1'),
('c1000000-0000-0000-0000-000000000002', 'b1000000-0000-0000-0000-000000000002', 'English', 85, 100, 'Term 1'),
('c1000000-0000-0000-0000-000000000003', 'b1000000-0000-0000-0000-000000000005', 'Mathematics', 65, 100, 'Term 1'),
('c1000000-0000-0000-0000-000000000003', 'b1000000-0000-0000-0000-000000000005', 'Science', 72, 100, 'Term 1'),
('c1000000-0000-0000-0000-000000000004', 'b1000000-0000-0000-0000-000000000004', 'Mathematics', 91, 100, 'Term 1'),
('c1000000-0000-0000-0000-000000000004', 'b1000000-0000-0000-0000-000000000004', 'English', 94, 100, 'Term 1'),
('c1000000-0000-0000-0000-000000000005', 'b1000000-0000-0000-0000-000000000001', 'Mathematics', 56, 100, 'Term 1'),
('c1000000-0000-0000-0000-000000000005', 'b1000000-0000-0000-0000-000000000001', 'English', 62, 100, 'Term 1'),
('c1000000-0000-0000-0000-000000000006', 'b1000000-0000-0000-0000-000000000001', 'Mathematics', 88, 100, 'Term 1'),
('c1000000-0000-0000-0000-000000000007', 'b1000000-0000-0000-0000-000000000006', 'Science', 79, 100, 'Term 1');

-- Seed fees
INSERT INTO public.fees (student_id, fee_type, amount, paid, status, due_date, paid_date) VALUES
('c1000000-0000-0000-0000-000000000001', 'Tuition', 2500, 2500, 'Paid', '2026-01-15', '2026-01-15'),
('c1000000-0000-0000-0000-000000000002', 'Tuition', 2500, 1500, 'Partial', '2026-01-20', '2026-01-20'),
('c1000000-0000-0000-0000-000000000003', 'Lab Fee', 350, 0, 'Unpaid', '2026-02-01', NULL),
('c1000000-0000-0000-0000-000000000004', 'Tuition', 2500, 2500, 'Paid', '2026-02-01', '2026-02-01'),
('c1000000-0000-0000-0000-000000000005', 'Activity', 200, 200, 'Paid', '2026-01-10', '2026-01-10'),
('c1000000-0000-0000-0000-000000000006', 'Tuition', 2500, 0, 'Overdue', '2026-01-01', NULL),
('c1000000-0000-0000-0000-000000000007', 'Library', 100, 100, 'Paid', '2026-02-05', '2026-02-05');
